method,iteration,avg_total_reward,avg_discounted_return
simple_SGA,1.0,2.75,1.8643489366113195
simple_SGA,2.0,3.0,2.236714785684388
simple_SGA,3.0,3.5,2.4186742112038777
simple_SGA,4.0,2.0,1.4543216204234164
simple_SGA,5.0,3.25,2.4414384767936426
simple_SGA,6.0,2.75,1.920260582280318
simple_SGA,7.0,4.5,3.3974524787280376
simple_SGA,8.0,3.25,2.5034935663819327
simple_SGA,9.0,1.75,1.3125005109406327
simple_SGA,10.0,3.0,2.217432159006614
simple_SGA,11.0,4.5,3.402065720706985
simple_SGA,12.0,3.5,2.7914831488136755
simple_SGA,13.0,3.75,2.9615206100632103
simple_SGA,14.0,4.75,3.5630653354086204
simple_SGA,15.0,4.75,3.6488380070343007
simple_SGA,16.0,2.25,1.8110122602448024
simple_SGA,17.0,1.5,1.180901700263826
simple_SGA,18.0,2.0,1.4241342648182242
simple_SGA,19.0,1.75,1.3725730288786973
simple_SGA,20.0,2.75,2.2170676306800887
simple_SGA,21.0,1.0,0.7599749892348897
simple_SGA,22.0,2.75,2.211183503380984
simple_SGA,23.0,1.75,1.3456626284498518
simple_SGA,24.0,1.25,0.9808943739701698
simple_SGA,25.0,2.5,1.975085831310955
simple_SGA,26.0,1.0,0.7979055927052006
simple_SGA,27.0,2.25,1.6489837540343428
simple_SGA,28.0,2.5,2.0411848757848152
simple_SGA,29.0,1.25,0.86996309809039
simple_SGA,30.0,2.0,1.581930993417795
simple_SGA,31.0,1.0,0.7923257230229656
simple_SGA,32.0,1.75,1.3609666368440925
simple_SGA,33.0,2.5,2.042743673574545
simple_SGA,34.0,3.5,2.602146012158971
simple_SGA,35.0,2.0,1.5674181933231106
simple_SGA,36.0,1.75,1.1814245079608563
simple_SGA,37.0,1.25,0.9404830537868288
simple_SGA,38.0,1.25,0.9508339888896368
simple_SGA,39.0,2.25,1.5744778392928227
simple_SGA,40.0,2.0,1.6114265852156298
simple_SGA,41.0,1.25,0.8091202228744951
simple_SGA,42.0,2.0,1.5360242523581689
simple_SGA,43.0,2.75,2.0418792961273025
simple_SGA,44.0,3.0,2.4576396913767566
simple_SGA,45.0,3.75,2.753057380177826
simple_SGA,46.0,2.75,2.186802455822508
simple_SGA,47.0,4.25,3.190685321826959
simple_SGA,48.0,3.5,2.57231749665434
simple_SGA,49.0,5.75,4.103591590238497
simple_SGA,50.0,3.75,3.020866804474303
simple_SGA,51.0,4.25,3.1338220862890767
simple_SGA,52.0,4.75,3.441612807261236
simple_SGA,53.0,3.5,2.6631424820787784
simple_SGA,54.0,3.75,2.8916981405534883
simple_SGA,55.0,4.0,2.811614938637319
simple_SGA,56.0,4.5,3.345023009514879
simple_SGA,57.0,4.75,3.5545082868156634
simple_SGA,58.0,2.75,2.1701489587407305
simple_SGA,59.0,5.75,4.127151456356457
simple_SGA,60.0,3.5,2.4092980539088837
simple_SGA,61.0,3.75,2.878688114937326
simple_SGA,62.0,3.25,2.4577706513204465
simple_SGA,63.0,3.75,2.7813991633807675
simple_SGA,64.0,4.25,3.1145564719751158
simple_SGA,65.0,6.0,4.264937859891537
simple_SGA,66.0,3.5,2.4724329173318758
simple_SGA,67.0,3.0,2.000423448418404
simple_SGA,68.0,2.75,2.2185961626028616
simple_SGA,69.0,2.75,2.182368888091644
simple_SGA,70.0,2.25,1.5690301009404326
simple_SGA,71.0,4.75,3.5170090848754425
simple_SGA,72.0,3.0,2.395509626197244
simple_SGA,73.0,4.0,3.128888277293556
simple_SGA,74.0,3.25,2.338216567689574
simple_SGA,75.0,3.75,2.573454191166911
simple_SGA,76.0,3.5,2.543172589966243
simple_SGA,77.0,3.75,2.8186494848817247
simple_SGA,78.0,2.75,2.036096301394807
simple_SGA,79.0,2.25,1.684170707473678
simple_SGA,80.0,2.5,1.739426837808172
simple_SGA,81.0,1.25,0.9806199605957788
simple_SGA,82.0,2.75,1.8759080718875236
simple_SGA,83.0,3.0,2.237367311977337
simple_SGA,84.0,5.0,3.717825950160049
simple_SGA,85.0,2.25,1.6089993375546352
simple_SGA,86.0,1.5,1.1116564062267271
simple_SGA,87.0,4.0,2.9384939166029853
simple_SGA,88.0,4.75,3.7334012354847808
simple_SGA,89.0,5.25,3.5371011591707404
simple_SGA,90.0,3.5,2.673353264348534
simple_SGA,91.0,4.75,3.453668872331753
simple_SGA,92.0,4.75,3.598559375366324
simple_SGA,93.0,3.5,2.7097024285682867
simple_SGA,94.0,4.75,3.4051616185172486
simple_SGA,95.0,3.25,2.469383131298894
simple_SGA,96.0,7.0,5.142073722033539
simple_SGA,97.0,6.0,4.608018700907669
simple_SGA,98.0,5.25,4.247840197950375
simple_SGA,99.0,3.25,2.551069778750928
simple_SGA,100.0,3.0,2.2909691895501725
Adam,1.0,3.25,2.586465832531099
Adam,2.0,3.75,2.694708801247263
Adam,3.0,4.75,3.2758801293795963
Adam,4.0,4.5,3.2674742130298657
Adam,5.0,5.0,3.4559055298931445
Adam,6.0,5.75,4.159563248372141
Adam,7.0,6.5,4.856298377990803
Adam,8.0,3.5,2.5102826067482025
Adam,9.0,2.25,1.7361888717121072
Adam,10.0,1.75,1.3365633932884986
Adam,11.0,4.25,3.171660039766313
Adam,12.0,4.0,2.79983802603762
Adam,13.0,4.5,3.3663378764708263
Adam,14.0,2.25,1.5803974893479582
Adam,15.0,4.5,3.2731575628546383
Adam,16.0,5.0,3.583461238198032
Adam,17.0,2.75,2.1330647715116524
Adam,18.0,4.0,2.9618258547593936
Adam,19.0,3.75,2.5988093218151502
Adam,20.0,3.5,2.47270140774994
Adam,21.0,6.0,4.614455570639142
Adam,22.0,5.5,4.22066729723584
Adam,23.0,3.75,2.6947042365871066
Adam,24.0,3.75,2.633689606001779
Adam,25.0,4.0,3.0448533276417216
Adam,26.0,4.25,3.0324206972121557
Adam,27.0,3.0,2.4053605932861686
Adam,28.0,4.75,3.4575159460176295
Adam,29.0,4.5,3.500362186476167
Adam,30.0,2.5,1.9220966789358336
Adam,31.0,4.25,3.082973749901718
Adam,32.0,6.25,4.506304640344733
Adam,33.0,3.75,2.687854102979178
Adam,34.0,3.5,2.563212874790269
Adam,35.0,4.0,2.831209151072555
Adam,36.0,5.75,4.151183686421501
Adam,37.0,4.25,3.1238777394766686
Adam,38.0,2.75,2.0089898265697834
Adam,39.0,4.75,3.5074034250647035
Adam,40.0,3.75,2.6889452839049257
Adam,41.0,5.0,3.7170761371821577
Adam,42.0,3.75,2.7125411607065177
Adam,43.0,3.75,2.7352099616877794
Adam,44.0,3.25,2.7242840090017486
Adam,45.0,4.0,2.9426504541614857
Adam,46.0,5.5,4.1920168474035755
Adam,47.0,4.0,3.0815357947133584
Adam,48.0,3.75,2.790240136525074
Adam,49.0,4.25,3.1706409147047476
Adam,50.0,4.25,3.1845017537812583
Adam,51.0,2.75,2.043735991696488
Adam,52.0,5.0,4.002146807640786
Adam,53.0,5.0,3.94525345922344
Adam,54.0,4.0,3.194831747170549
Adam,55.0,2.5,1.82897246149285
Adam,56.0,4.25,2.84691954292813
Adam,57.0,3.75,2.773205565639105
Adam,58.0,4.5,3.3188870511479354
Adam,59.0,4.25,3.103575355378716
Adam,60.0,3.75,2.8716804452430615
Adam,61.0,4.5,3.1981012727313427
Adam,62.0,5.75,4.4161077200577035
Adam,63.0,5.5,4.096540285794446
Adam,64.0,3.75,3.047647627175217
Adam,65.0,3.75,2.78675667507268
Adam,66.0,5.25,3.9391950869744425
Adam,67.0,6.5,4.959049130009108
Adam,68.0,2.25,1.754442928579972
Adam,69.0,3.0,2.2384327093772742
Adam,70.0,2.75,2.0653694725131553
Adam,71.0,6.25,4.625800400752068
Adam,72.0,3.5,2.629887467086153
Adam,73.0,5.25,3.90242225862095
Adam,74.0,5.25,3.851692367255171
Adam,75.0,5.25,3.7743123631800297
Adam,76.0,1.75,1.250585340872895
Adam,77.0,4.0,2.992126751693625
Adam,78.0,5.5,4.105065510161865
Adam,79.0,5.5,4.04905065427116
Adam,80.0,4.25,3.0701177901318326
Adam,81.0,6.5,5.171551549892652
Adam,82.0,4.25,3.021928248520524
Adam,83.0,4.25,2.932142153126791
Adam,84.0,3.25,2.140727177543914
Adam,85.0,4.5,3.1325468741765916
Adam,86.0,3.75,2.7443591742007736
Adam,87.0,4.5,3.431549426195402
Adam,88.0,5.0,3.7252536237499365
Adam,89.0,4.75,3.5472768363236917
Adam,90.0,4.0,2.8820781513461093
Adam,91.0,3.25,2.3270269190489667
Adam,92.0,2.75,1.9615045140112688
Adam,93.0,3.0,2.00860192396801
Adam,94.0,2.75,2.0762274705099197
Adam,95.0,4.25,3.1683143860457954
Adam,96.0,5.25,3.7057857083059567
Adam,97.0,5.5,3.920596647588148
Adam,98.0,5.75,4.3711224685974965
Adam,99.0,4.0,3.1079221423964913
Adam,100.0,6.0,4.667645486013882
